layer,rmse,maxerr,95pct,median,llama_version,num_parameter,processing_type,quant_type,dim,threshold_low,threshold_high,imat,model_name,n_elements,bits_per_weight,size,ppl,hellaswag
global,0.00138761,0.02316284,0.0028,0.001,3.1,70B,F16,accu,4,0.12,0.12,False,3.1-70B-ZFPaccu0.12:0.12_4_NOI,70553706560,5.262593,44261.87,3.5607,85.35
global,0.0,0.0,0.0002,0.0002,3.1,70B,F16,BF16,,,,False,3.1-70B-BF16+NOI,70553706560,16.000299,134573.03,2.7217,85.825
global,0.00136497,0.01160431,0.0028,0.001,3.1,70B,F16,accu,3,0.05,0.05,False,3.1-70B-ZFPaccu0.05:0.05_3_NOI,70553706560,5.054184,42509.01,3.6058,85.1
global,8.908e-05,0.25976562,0.0002,0.0002,3.1,70B,F16,Q8_0,,,,False,3.1-70B-Q8_0+NOI,70553706560,8.500439,71494.28,2.723,85.725
global,0.00842359,35.19168091,0.0144,0.0042,3.1,70B,F16,rate,4,3.00,3.00,False,3.1-70B-ZFPrate3.00:3.00_4_NOI,70553706560,3.000542,25236.53,21585.0872,23.925
global,0.00106887,2.7250061,0.0018,0.0008,3.1,70B,F16,Q4_1,,,,False,3.1-70B-Q4_1+NOI,70553706560,5.023773,42253.23,4906.118,28.05
global,0.00162367,1.65625,0.0034,0.0008,3.1,70B,F16,Q3_K_L,,,,False,3.1-70B-Q3_K_L+NOI,70553706560,4.210436,35412.53,3.441,84.15
global,0.00748632,23.25927734,0.0128,0.004,3.1,70B,F16,rate,3,3.00,3.00,False,3.1-70B-ZFPrate3.00:3.00_3_NOI,70553706560,3.000542,25236.53,76699.2362,24.975
global,0.00187221,18.5,0.0032,0.001,3.1,70B,F16,rate,3,5.00,8.00,True,3.1-70B-ZFPrate5.00:8.00_3_WII,70553706560,5.062573,42579.56,3.447,85.65
global,0.00363597,24.00023842,0.006,0.0016,3.1,70B,F16,rate,1,6.00,6.00,False,3.1-70B-ZFPrate6.00:6.00_1_NOI,70553706560,6.000486,50468.03,2635707.7538,25.875
global,0.00371221,44.3125,0.0062,0.0018,3.1,70B,F16,rate,3,4.00,8.00,True,3.1-70B-ZFPrate4.00:8.00_3_WII,70553706560,4.091598,34413.03,5.5531,81.825
global,0.00106585,13.125,0.0018,0.0006,3.1,70B,F16,rate,2,6.00,8.00,True,3.1-70B-ZFPrate6.00:8.00_2_WII,70553706560,6.002694,50486.6,2.9691,85.225
global,0.00616039,50.34375,0.0104,0.0028,3.1,70B,F16,rate,1,5.00,8.00,True,3.1-70B-ZFPrate5.00:8.00_1_WII,70553706560,4.004419,33679.79,153485183.563,24.625
global,0.00094627,7.625,0.0016,0.0006,3.1,70B,F16,rate,3,6.00,8.00,True,3.1-70B-ZFPrate6.00:8.00_3_WII,70553706560,6.033354,50744.47,2.9076,85.8
global,0.00505296,82.296875,0.001,0.0004,3.1,70B,F16,Q5_K_S,,,,True,3.1-70B-Q5_K_S+WII,70553706560,5.516318,46395.86,2.7706,85.65
global,0.00459446,71.74169922,0.0018,0.0006,3.1,70B,F16,Q4_K_M,,,,True,3.1-70B-Q4_K_M+WII,70553706560,4.820445,40543.11,2.8726,85.525
global,0.00027441,2.00579834,0.0006,0.0002,3.1,70B,F16,rate,2,8.00,8.00,False,3.1-70B-ZFPrate8.00:8.00_2_NOI,70553706560,8.000449,67289.03,,
global,9.995e-05,0.7509613,0.0002,0.0002,3.1,70B,F16,prec,1,10,10,False,3.1-70B-ZFPprec10:10_1_NOI,70553706560,10.020553,84279.43,2.7249,85.725
global,0.00024345,1.9375,0.0006,0.0002,3.1,70B,F16,rate,3,8.00,8.00,True,3.1-70B-ZFPrate8.00:8.00_3_WII,70553706560,8.000449,67289.03,2.7419,85.65
global,0.00167664,1.65625,0.0034,0.001,3.1,70B,F16,Q3_K_M,,,,False,3.1-70B-Q3_K_M+NOI,70553706560,3.884659,32672.53,3.4941,84.075
global,0.00702248,125.21435547,0.0018,0.0008,3.1,70B,F16,IQ4_NL,,,,True,3.1-70B-IQ4_NL+WII,70553706560,4.54074,38190.61,2.9208,85.275
global,0.00227786,7.48855591,0.0038,0.0012,3.1,70B,F16,rate,4,5.00,5.00,False,3.1-70B-ZFPrate5.00:5.00_4_NOI,70553706560,5.000505,42057.53,12697.482,25.375
global,0.00108889,10.31640625,0.0018,0.0006,3.1,70B,F16,rate,4,6.00,8.00,True,3.1-70B-ZFPrate6.00:8.00_4_WII,70553706560,6.053431,50913.33,3.0221,85.8
global,0.00699689,125.2109375,0.0018,0.0008,3.1,70B,F16,IQ4_XS,,,,True,3.1-70B-IQ4_XS+WII,70553706560,4.296846,36139.3,2.9254,85.6
global,0.00761264,125.81945801,0.0042,0.0014,3.1,70B,F16,IQ3_S,,,,True,3.1-70B-IQ3_S+WII,70553706560,3.504189,29472.53,3.6861,84.825
global,0.00079756,6.00019073,0.0014,0.0004,3.1,70B,F16,prec,1,07,07,False,3.1-70B-ZFPprec07:07_1_NOI,70553706560,7.33247,61670.89,1811419.5451,25.625
global,0.00424636,37.109375,0.007,0.002,3.1,70B,F16,rate,4,4.00,8.00,True,3.1-70B-ZFPrate4.00:8.00_4_WII,70553706560,4.114534,34605.94,7.5383,76.85
global,0.00445245,49.0736084,0.0054,0.0016,3.1,70B,F16,IQ3_XS,,,,False,3.1-70B-IQ3_XS+NOI,70553706560,3.322277,27942.53,4169.2318,26.375
global,0.00275691,79.17553711,0.0034,0.0014,3.1,70B,F16,Q3_K_S,,,,True,3.1-70B-Q3_K_S+WII,70553706560,3.504189,29472.53,,
global,0.00105485,1.13696289,0.0018,0.0008,3.1,70B,F16,IQ4_XS,,,,False,3.1-70B-IQ4_XS+NOI,70553706560,4.33846,36489.3,3.096,85.025
global,0.00576837,59.75,0.0096,0.0028,3.1,70B,F16,rate,2,3.50,8.00,True,3.1-70B-ZFPrate3.50:8.00_2_WII,70553706560,3.548623,29846.25,1313168.0517,38.5
global,0.00463538,82.296875,0.001,0.0004,3.1,70B,F16,Q5_K_M,,,,True,3.1-70B-Q5_K_M+WII,70553706560,5.662858,47628.36,2.7657,85.7
global,0.01599479,126.0,0.0266,0.0086,3.1,70B,F16,prec,4,06,06,False,3.1-70B-ZFPprec06:06_4_NOI,70553706560,1.34385,11302.66,6223015.8395,25.725
global,0.00110799,6.25579834,0.002,0.0006,3.1,70B,F16,rate,2,6.00,6.00,False,3.1-70B-ZFPrate6.00:6.00_2_NOI,70553706560,6.000486,50468.03,422.1854,61.8
global,0.00985737,125.99741364,0.0122,0.0044,3.1,70B,F16,IQ1_S,,,,True,3.1-70B-IQ1_S+WII,70553706560,1.738888,14625.19,11.1537,65.95
global,0.01021999,0.09362793,0.0204,0.0068,3.1,70B,F16,accu,2,0.14,0.14,False,3.1-70B-ZFPaccu0.14:0.14_2_NOI,70553706560,1.936823,16289.96,5165978.1639,24.15
global,0.02348385,156.5,0.03,0.0098,3.1,70B,F16,rate,1,3.00,8.00,True,3.1-70B-ZFPrate3.00:8.00_1_WII,70553706560,2.043812,17189.8,,25.6
global,0.00609248,52.65625,0.01,0.003,3.1,70B,F16,rate,4,3.50,8.00,True,3.1-70B-ZFPrate3.50:8.00_4_WII,70553706560,3.629755,30528.63,3840.4079,33.5
global,0.00521001,31.50939941,0.0068,0.002,3.1,70B,F16,prec,2,06,06,False,3.1-70B-ZFPprec06:06_2_NOI,70553706560,3.827041,32187.93,726267.2753,24.575
global,0.00054053,1.01977539,0.001,0.0004,3.1,70B,F16,Q5_1,,,,False,3.1-70B-Q5_1+NOI,70553706560,6.008863,50538.48,6.2903,70.85
global,0.0,0.0,0.0002,0.0002,3.1,70B,F16,F16,,,,False,3.1-70B-F16+NOI,70553706560,16.000299,134573.03,2.7217,85.825
global,0.00929921,106.0,0.0158,0.004,3.1,70B,F16,rate,1,4.50,8.00,True,3.1-70B-ZFPrate4.50:8.00_1_WII,70553706560,4.002903,33667.05,29872941.5377,26.45
global,0.01252288,74.0,0.0176,0.0048,3.1,70B,F16,prec,3,06,06,False,3.1-70B-ZFPprec06:06_3_NOI,70553706560,2.545027,21405.35,3971738.5024,24.55
global,0.00285211,16.75,0.0034,0.001,3.1,70B,F16,prec,2,07,07,False,3.1-70B-ZFPprec07:07_2_NOI,70553706560,4.828119,40607.65,2195391.0818,24.6
global,0.00843364,125.93035889,0.008,0.0026,3.1,70B,F16,IQ2_S,,,,True,3.1-70B-IQ2_S+WII,70553706560,2.521141,21204.45,5.5152,83.0
global,0.00092526,0.97520447,0.0018,0.0008,3.1,70B,F16,Q4_K_S,,,,False,3.1-70B-Q4_K_S+NOI,70553706560,4.574031,38470.61,3.0355,84.675
global,0.0006857,6.7421875,0.0006,0.0002,3.1,70B,F16,Q6_K,,,,True,3.1-70B-Q6_K+WII,70553706560,6.562976,55198.94,2.7373,85.725
global,0.00260727,79.17553711,0.0032,0.001,3.1,70B,F16,Q3_K_M,,,,True,3.1-70B-Q3_K_M+WII,70553706560,3.884659,32672.53,3.257,84.975
global,0.00257215,79.17553711,0.0032,0.0008,3.1,70B,F16,Q3_K_L,,,,True,3.1-70B-Q3_K_L+WII,70553706560,4.210436,35412.53,3.2008,85.025
global,0.01402262,132.46875,0.0234,0.0058,3.1,70B,F16,rate,1,4.00,8.00,True,3.1-70B-ZFPrate4.00:8.00_1_WII,70553706560,4.002288,33661.87,3.063879211125214e+16,24.675
global,0.00645807,48.08496094,0.011,0.003,3.1,70B,F16,rate,1,5.00,5.00,False,3.1-70B-ZFPrate5.00:5.00_1_NOI,70553706560,4.000523,33647.03,1288510.0888,25.525
global,0.00214964,20.4296875,0.0036,0.001,3.1,70B,F16,rate,4,5.00,8.00,True,3.1-70B-ZFPrate5.00:8.00_4_WII,70553706560,5.083569,42756.16,3.7877,84.775
global,0.01021999,0.09362793,0.0204,0.0068,3.1,70B,F16,accu,2,0.13,0.13,False,3.1-70B-ZFPaccu0.13:0.13_2_NOI,70553706560,1.936823,16289.96,5165978.1639,24.15
global,0.00137353,8.9962616,0.0018,0.0006,3.1,70B,F16,prec,2,08,08,False,3.1-70B-ZFPprec08:08_2_NOI,70553706560,5.828441,49021.02,264155.9984,24.375
global,0.00024683,0.93992043,0.0006,0.0002,3.1,70B,F16,rate,3,8.00,8.00,False,3.1-70B-ZFPrate8.00:8.00_3_NOI,70553706560,8.000449,67289.03,2.7442,85.65
global,0.00102959,1.13696289,0.0018,0.0008,3.1,70B,F16,IQ4_NL,,,,False,3.1-70B-IQ4_NL+NOI,70553706560,4.574031,38470.61,3.0604,84.675
global,0.00449737,11.31311035,0.0074,0.0022,3.1,70B,F16,rate,4,4.00,4.00,False,3.1-70B-ZFPrate4.00:4.00_4_NOI,70553706560,4.000523,33647.03,17683.6504,25.05
global,0.00419518,40.0,0.007,0.002,3.1,70B,F16,rate,2,4.00,8.00,True,3.1-70B-ZFPrate4.00:8.00_2_WII,70553706560,4.038345,33965.13,7.0471,78.7
global,0.01016394,23.75,0.018,0.0076,3.1,70B,F16,TQ2_0,,,,False,3.1-70B-TQ2_0+NOI,70553706560,2.166372,18220.61,854393.5454,25.05
global,0.01016394,23.75,0.018,0.0076,3.1,70B,F16,TQ1_0,,,,True,3.1-70B-TQ1_0+WII,70553706560,1.802548,15160.61,854393.5454,25.05
global,0.01029459,80.00241089,0.0168,0.0042,3.1,70B,F16,rate,1,4.50,4.50,False,3.1-70B-ZFPrate4.50:4.50_1_NOI,70553706560,4.000523,33647.03,1085888.0679,24.425
global,0.00163544,12.01196289,0.0026,0.0008,3.1,70B,F16,prec,1,06,06,False,3.1-70B-ZFPprec06:06_1_NOI,70553706560,6.02028,50634.51,526891.5637,24.6
global,0.00075979,4.58984375,0.001,0.0004,3.1,70B,F16,Q5_0,,,,True,3.1-70B-Q5_0+WII,70553706560,5.532964,46535.86,2.7929,85.4
global,0.0033254,2.38952637,0.0068,0.002,3.1,70B,F16,Q2_K,,,,False,3.1-70B-Q2_K+NOI,70553706560,2.98975,25145.77,5.1626,80.875
global,0.00115216,6.6796875,0.002,0.0008,3.1,70B,F16,Q4_0,,,,True,3.1-70B-Q4_0+WII,70553706560,4.547874,38250.61,3.2142,84.55
global,0.01926364,128.5,0.03,0.008,3.1,70B,F16,rate,1,3.50,3.50,False,3.1-70B-ZFPrate3.50:3.50_1_NOI,70553706560,2.000561,16826.03,13622909734092.834,25.925
global,0.0033064,8.80050659,0.0054,0.0016,3.1,70B,F16,rate,4,4.50,4.50,False,3.1-70B-ZFPrate4.50:4.50_4_NOI,70553706560,4.500514,37852.28,22235.4847,25.625
global,0.00068293,4.8840332,0.001,0.0004,3.1,70B,F16,prec,2,09,09,False,3.1-70B-ZFPprec09:09_2_NOI,70553706560,6.828482,57432.02,142.0208,78.95
global,0.00536886,0.04681396,0.0108,0.0036,3.1,70B,F16,accu,2,0.12,0.12,False,3.1-70B-ZFPaccu0.12:0.12_2_NOI,70553706560,2.960857,24902.76,6052207.1945,25.825
global,0.00435505,23.2462616,0.0046,0.0012,3.1,70B,F16,prec,3,08,08,False,3.1-70B-ZFPprec08:08_3_NOI,70553706560,4.548362,38254.71,413698.2316,24.325
global,0.0003376,2.49845123,0.0006,0.0002,3.1,70B,F16,prec,2,10,10,False,3.1-70B-ZFPprec10:10_2_NOI,70553706560,7.828478,65842.64,2.757,85.75
global,0.00936192,125.99781799,0.011,0.0038,3.1,70B,F16,IQ1_M,,,,True,3.1-70B-IQ1_M+WII,70553706560,1.898507,15967.69,7.8975,73.875
global,0.01528366,126.0,0.0256,0.0078,3.1,70B,F16,prec,3,05,05,False,3.1-70B-ZFPprec05:05_3_NOI,70553706560,1.531759,12883.1,11451638.7731,25.75
global,0.00530867,45.28125,0.0086,0.0026,3.1,70B,F16,rate,3,3.50,8.00,True,3.1-70B-ZFPrate3.50:8.00_3_WII,70553706560,3.605597,30325.44,14.8236,69.175
global,0.0072195,63.0,0.0118,0.0036,3.1,70B,F16,rate,3,3.00,8.00,True,3.1-70B-ZFPrate3.00:8.00_3_WII,70553706560,3.120672,26246.9,37255.1579,27.75
global,0.00268544,24.6875,0.0044,0.0014,3.1,70B,F16,rate,3,4.50,8.00,True,3.1-70B-ZFPrate4.50:8.00_3_WII,70553706560,4.577308,38498.17,4.271,84.1
global,0.00047946,0.53710938,0.001,0.0004,3.1,70B,F16,Q5_K_M,,,,False,3.1-70B-Q5_K_M+NOI,70553706560,5.662858,47628.36,2.7736,85.7
global,0.00881293,47.37243652,0.0092,0.0024,3.1,70B,F16,prec,3,07,07,False,3.1-70B-ZFPprec07:07_3_NOI,70553706560,3.547835,29839.62,3555531.5312,26.075
global,0.00051023,0.97520447,0.001,0.0004,3.1,70B,F16,Q5_K_S,,,,False,3.1-70B-Q5_K_S+NOI,70553706560,5.516318,46395.86,2.8878,84.875
global,0.00085261,5.99743652,0.0016,0.0004,3.1,70B,F16,rate,1,8.00,8.00,False,3.1-70B-ZFPrate8.00:8.00_1_NOI,70553706560,8.000449,67289.03,3628.2844,28.8
global,0.00829437,73.828125,0.0134,0.0038,3.1,70B,F16,rate,4,3.00,8.00,True,3.1-70B-ZFPrate3.00:8.00_4_WII,70553706560,3.145101,26452.36,16133800755.7698,24.3
global,0.00297636,24.75,0.005,0.0014,3.1,70B,F16,rate,2,4.50,8.00,True,3.1-70B-ZFPrate4.50:8.00_2_WII,70553706560,4.528116,38084.43,4.5851,83.05
global,0.00545496,0.09362793,0.0106,0.0036,3.1,70B,F16,accu,3,0.14,0.14,False,3.1-70B-ZFPaccu0.14:0.14_3_NOI,70553706560,3.053106,25678.62,589868.0213,23.625
global,0.00876006,125.94522095,0.0092,0.003,3.1,70B,F16,IQ2_XXS,,,,True,3.1-70B-IQ2_XXS+WII,70553706560,2.164538,18205.19,6.3975,79.8
global,0.00557361,18.40815735,0.0094,0.0028,3.1,70B,F16,rate,3,3.50,3.50,False,3.1-70B-ZFPrate3.50:3.50_3_NOI,70553706560,3.500533,29441.78,79997.0937,25.8
global,0.00790793,125.83630371,0.0054,0.0016,3.1,70B,F16,IQ3_XXS,,,,True,3.1-70B-IQ3_XXS+WII,70553706560,3.113841,26189.45,4.0669,84.9
global,0.00335364,29.375,0.0058,0.0016,3.1,70B,F16,rate,1,6.00,8.00,True,3.1-70B-ZFPrate6.00:8.00_1_WII,70553706560,6.000738,50470.15,8644324.9893,25.425
global,0.00272983,0.04641724,0.0054,0.0018,3.1,70B,F16,accu,3,0.10,0.10,False,3.1-70B-ZFPaccu0.10:0.10_3_NOI,70553706560,4.054043,34097.16,637811.7921,30.75
global,0.00277513,0.04664612,0.0054,0.0018,3.1,70B,F16,accu,4,0.14,0.14,False,3.1-70B-ZFPaccu0.14:0.14_4_NOI,70553706560,4.262613,35851.38,415.2476,65.1
global,0.00114371,3.22396851,0.002,0.0006,3.1,70B,F16,rate,4,6.00,6.00,False,3.1-70B-ZFPrate6.00:6.00_4_NOI,70553706560,6.000486,50468.03,5503.0703,25.225
global,0.00191675,1.65625,0.0036,0.0014,3.1,70B,F16,Q3_K_S,,,,False,3.1-70B-Q3_K_S+NOI,70553706560,3.504189,29472.53,3.82,83.55
global,0.00398563,19.27697754,0.0028,0.0008,3.1,70B,F16,prec,4,10,10,False,3.1-70B-ZFPprec10:10_4_NOI,70553706560,5.344879,44953.95,13321.8785,25.45
global,0.00308691,18.13671875,0.0052,0.0016,3.1,70B,F16,rate,4,4.50,8.00,True,3.1-70B-ZFPrate4.50:8.00_4_WII,70553706560,4.599071,38681.21,4.8183,83.225
global,0.00769222,125.83630371,0.0046,0.0016,3.1,70B,F16,IQ3_XS,,,,True,3.1-70B-IQ3_XS+WII,70553706560,3.322277,27942.53,3.8539,85.075
global,0.01063333,66.96875,0.0108,0.0032,3.1,70B,F16,prec,4,08,08,False,3.1-70B-ZFPprec08:08_4_NOI,70553706560,3.344752,28131.56,530093.6987,24.725
global,0.00759189,125.81945801,0.0042,0.0014,3.1,70B,F16,IQ3_M,,,,True,3.1-70B-IQ3_M+WII,70553706560,3.62041,30450.03,3.7085,84.725
global,0.00840031,125.9309082,0.008,0.0024,3.1,70B,F16,IQ2_M,,,,True,3.1-70B-IQ2_M+WII,70553706560,2.733966,22994.45,5.6219,81.65
global,0.00277513,0.04664612,0.0054,0.0018,3.1,70B,F16,accu,4,0.13,0.13,False,3.1-70B-ZFPaccu0.13:0.13_4_NOI,70553706560,4.262613,35851.38,415.2476,65.1
global,0.00057178,2.21875,0.001,0.0006,3.1,70B,F16,Q5_0,,,,False,3.1-70B-Q5_0+NOI,70553706560,5.516318,46395.86,2.8127,85.65
global,0.0,0.0,0.0002,0.0002,3.1,70B,F16,F16,,,,True,3.1-70B-F16+WII,70553706560,16.000299,134573.03,2.7217,85.825
global,8.908e-05,0.25976562,0.0002,0.0002,3.1,70B,F16,Q8_0,,,,True,3.1-70B-Q8_0+WII,70553706560,8.500439,71494.28,2.723,85.725
global,0.01094979,68.00209045,0.0136,0.0038,3.1,70B,F16,prec,2,05,05,False,3.1-70B-ZFPprec05:05_2_NOI,70553706560,2.82013,23719.14,19890512.5377,26.2
global,0.00494878,105.09375,0.0018,0.0008,3.1,70B,F16,Q4_1,,,,True,3.1-70B-Q4_1+WII,70553706560,5.023773,42253.23,2.9217,85.375
global,0.00138761,0.02316284,0.0028,0.001,3.1,70B,F16,accu,4,0.10,0.10,False,3.1-70B-ZFPaccu0.10:0.10_4_NOI,70553706560,5.262593,44261.87,3.5607,85.35
global,0.01344928,126.0,0.0198,0.006,3.1,70B,F16,prec,4,07,07,False,3.1-70B-ZFPprec07:07_4_NOI,70553706560,2.344411,19718.04,12295291.5511,24.875
global,0.00040087,3.5,0.0008,0.0002,3.1,70B,F16,prec,1,08,08,False,3.1-70B-ZFPprec08:08_1_NOI,70553706560,8.020541,67458.02,2.9208,81.875
global,0.00846048,57.98046875,0.0144,0.0042,3.1,70B,F16,rate,2,3.00,3.00,False,3.1-70B-ZFPrate3.00:3.00_2_NOI,70553706560,3.000542,25236.53,69172.542,23.975
global,0.01510294,96.06347656,0.0246,0.0062,3.1,70B,F16,rate,1,4.00,4.00,False,3.1-70B-ZFPrate4.00:4.00_1_NOI,70553706560,4.000523,33647.03,599422304.9537,25.85
global,0.00409078,14.97415161,0.005,0.0016,3.1,70B,F16,IQ3_S,,,,False,3.1-70B-IQ3_S+NOI,70553706560,3.504189,29472.53,4985.519,27.125
global,0.00449008,26.01031494,0.0076,0.0022,3.1,70B,F16,rate,2,4.00,4.00,False,3.1-70B-ZFPrate4.00:4.00_2_NOI,70553706560,4.000523,33647.03,,
global,0.00087717,0.68359375,0.0018,0.0006,3.1,70B,F16,Q4_K_M,,,,False,3.1-70B-Q4_K_M+NOI,70553706560,4.820445,40543.11,2.8897,85.4
global,0.00747909,39.96618652,0.0054,0.0016,3.1,70B,F16,prec,4,09,09,False,3.1-70B-ZFPprec09:09_4_NOI,70553706560,4.344857,36543.1,420270.0438,24.35
global,0.00545496,0.09362793,0.0106,0.0036,3.1,70B,F16,accu,3,0.13,0.13,False,3.1-70B-ZFPaccu0.13:0.13_3_NOI,70553706560,3.053106,25678.62,589868.0213,23.625
global,0.00849591,125.93035889,0.0082,0.0028,3.1,70B,F16,IQ2_XS,,,,True,3.1-70B-IQ2_XS+WII,70553706560,2.396387,20155.19,5.7436,81.65
global,0.00252331,12.57487488,0.0024,0.0006,3.1,70B,F16,prec,3,09,09,False,3.1-70B-ZFPprec09:09_3_NOI,70553706560,5.548456,46666.16,15216.6675,25.6
global,0.0002857,0.91378784,0.0006,0.0002,3.1,70B,F16,rate,4,8.00,8.00,False,3.1-70B-ZFPrate8.00:8.00_4_NOI,70553706560,8.000449,67289.03,2.7521,85.975
global,0.00020181,1.50035095,0.0004,0.0002,3.1,70B,F16,prec,1,09,09,False,3.1-70B-ZFPprec09:09_1_NOI,70553706560,9.33243,78491.87,2.7416,86.325
global,0.00082651,8.5,0.0016,0.0004,3.1,70B,F16,rate,1,8.00,8.00,True,3.1-70B-ZFPrate8.00:8.00_1_WII,70553706560,8.000449,67289.03,3.1045,85.325
global,0.0050214,79.17553711,0.0018,0.0008,3.1,70B,F16,Q4_K_S,,,,True,3.1-70B-Q4_K_S+WII,70553706560,4.574031,38470.61,2.8965,85.575
global,0.01537293,126.0,0.0252,0.0084,3.1,70B,F16,prec,4,05,05,False,3.1-70B-ZFPprec05:05_4_NOI,70553706560,0.343165,2886.24,210788.0036,25.575
global,0.01016394,23.75,0.018,0.0076,3.1,70B,F16,TQ2_0,,,,True,3.1-70B-TQ2_0+WII,70553706560,2.166372,18220.61,854393.5454,25.05
global,0.00219507,8.75107574,0.0038,0.0012,3.1,70B,F16,rate,2,5.00,5.00,False,3.1-70B-ZFPrate5.00:5.00_2_NOI,70553706560,5.000505,42057.53,22325.0736,24.9
global,0.00209484,23.75,0.0036,0.001,3.1,70B,F16,rate,2,5.00,8.00,True,3.1-70B-ZFPrate5.00:8.00_2_WII,70553706560,5.017026,42196.49,3.6895,84.25
global,0.00321558,22.98046875,0.0054,0.0016,3.1,70B,F16,rate,2,4.50,4.50,False,3.1-70B-ZFPrate4.50:4.50_2_NOI,70553706560,4.500514,37852.28,116426.2191,24.875
global,0.00798313,83.75,0.0134,0.0038,3.1,70B,F16,rate,2,3.00,8.00,True,3.1-70B-ZFPrate3.00:8.00_2_WII,70553706560,3.061479,25749.05,425343.7195,25.15
global,0.00603223,27.98046875,0.0104,0.003,3.1,70B,F16,rate,2,3.50,3.50,False,3.1-70B-ZFPrate3.50:3.50_2_NOI,70553706560,3.500533,29441.78,1522133.8657,26.975
global,0.00635898,20.83230591,0.0108,0.0032,3.1,70B,F16,rate,4,3.50,3.50,False,3.1-70B-ZFPrate3.50:3.50_4_NOI,70553706560,3.500533,29441.78,16253.5585,24.85
global,0.00498382,133.75,0.0008,0.0004,3.1,70B,F16,Q5_1,,,,True,3.1-70B-Q5_1+WII,70553706560,6.008863,50538.48,2.7649,85.8
global,0.0,0.0,0.0002,0.0002,3.1,70B,F16,BF16,,,,True,3.1-70B-BF16+WII,70553706560,16.000299,134573.03,2.7217,85.825
global,0.00111541,3.03125,0.002,0.001,3.1,70B,F16,Q4_0,,,,False,3.1-70B-Q4_0+NOI,70553706560,4.531228,38110.61,3.2934,84.575
global,0.01776095,174.1875,0.03,0.0074,3.1,70B,F16,rate,1,3.50,8.00,True,3.1-70B-ZFPrate3.50:8.00_1_WII,70553706560,2.236893,18813.74,4.047384886130765e+19,24.725
global,0.0028793,7.89691162,0.0048,0.0014,3.1,70B,F16,rate,3,4.50,4.50,False,3.1-70B-ZFPrate4.50:4.50_3_NOI,70553706560,4.500514,37852.28,13144.631,25.5
global,0.00272983,0.04641724,0.0054,0.0018,3.1,70B,F16,accu,3,0.12,0.12,False,3.1-70B-ZFPaccu0.12:0.12_3_NOI,70553706560,4.054043,34097.16,637811.7921,30.75
global,0.00403704,14.5,0.0066,0.002,3.1,70B,F16,rate,3,4.00,4.00,False,3.1-70B-ZFPrate4.00:4.00_3_NOI,70553706560,4.000523,33647.03,16109.4305,25.825
global,0.00538314,80.5625,0.0064,0.0024,3.1,70B,F16,Q2_K_S,,,,True,3.1-70B-Q2_K_S+WII,70553706560,2.773953,23330.77,5.036,82.325
global,0.00536886,0.04681396,0.0108,0.0036,3.1,70B,F16,accu,2,0.10,0.10,False,3.1-70B-ZFPaccu0.10:0.10_2_NOI,70553706560,2.960857,24902.76,6052207.1945,25.825
global,0.00195658,6.63076782,0.0034,0.001,3.1,70B,F16,rate,3,5.00,5.00,False,3.1-70B-ZFPrate5.00:5.00_3_NOI,70553706560,5.000505,42057.53,14167.0581,24.875
global,0.00027237,3.5625,0.0006,0.0002,3.1,70B,F16,rate,2,8.00,8.00,True,3.1-70B-ZFPrate8.00:8.00_2_WII,70553706560,8.000449,67289.03,2.7467,85.85
global,0.01016394,23.75,0.018,0.0076,3.1,70B,F16,TQ1_0,,,,False,3.1-70B-TQ1_0+NOI,70553706560,1.802548,15160.61,854393.5454,25.05
global,0.02396717,156.5,0.03,0.0106,3.1,70B,F16,rate,1,3.00,3.00,False,3.1-70B-ZFPrate3.00:3.00_1_NOI,70553706560,2.000561,16826.03,,25.6
global,0.00403566,14.97415161,0.0048,0.0014,3.1,70B,F16,IQ3_M,,,,False,3.1-70B-IQ3_M+NOI,70553706560,3.62041,30450.03,328.0665,27.85
global,0.00516848,80.5625,0.006,0.002,3.1,70B,F16,Q2_K,,,,True,3.1-70B-Q2_K+WII,70553706560,2.98975,25145.77,4.4643,83.55
global,0.00100243,4.59869385,0.0018,0.0006,3.1,70B,F16,rate,3,6.00,6.00,False,3.1-70B-ZFPrate6.00:6.00_3_NOI,70553706560,6.000486,50468.03,384.1121,33.65
global,0.00330712,25.0,0.0052,0.0014,3.1,70B,F16,prec,1,05,05,False,3.1-70B-ZFPprec05:05_1_NOI,70553706560,5.329182,44821.92,5473103.0563,26.425
global,0.00025593,0.48046875,0.0006,0.0002,3.1,70B,F16,Q6_K,,,,False,3.1-70B-Q6_K+NOI,70553706560,6.562976,55198.94,2.7398,85.75
global,0.00027855,2.390625,0.0006,0.0002,3.1,70B,F16,rate,4,8.00,8.00,True,3.1-70B-ZFPrate8.00:8.00_4_WII,70553706560,8.000449,67289.03,2.7576,85.85
global,0.00120338,8.3712616,0.0012,0.0004,3.1,70B,F16,prec,3,10,10,False,3.1-70B-ZFPprec10:10_3_NOI,70553706560,6.548464,55076.88,12251.5389,25.4
global,0.0,0.0,0.0002,0.0002,3.1,8B,F16,F16,,,,False,3.1-8B-F16+NOI,8030261312,16.000531,15317.02,5.6309,79.7
global,0.00024641,0.02197266,0.0006,0.0002,3.1,8B,F16,rate,2,8.00,8.00,False,3.1-8B-ZFPrate8.00:8.00_2_NOI,8030261312,8.000796,7659.02,5.6515,79.525
global,0.00277485,0.04612732,0.0054,0.0018,3.1,8B,F16,accu,4,0.13,0.13,False,3.1-8B-ZFPaccu0.13:0.13_4_NOI,8030261312,4.351825,4165.92,42.1377,37.775
global,0.0,0.0,0.0002,0.0002,3.1,8B,F16,F16,,,,True,3.1-8B-F16+WII,8030261312,16.000531,15317.02,5.6309,79.7
global,0.00094141,0.03726196,0.0018,0.0008,3.1,8B,F16,Q4_K_S,,,,False,3.1-8B-Q4_K_S+NOI,8030261312,4.667179,4467.8,5.8885,79.325
global,0.00121849,0.10986328,0.0026,0.0008,3.1,8B,F16,prec,3,09,09,False,3.1-8B-ZFPprec09:09_3_NOI,8030261312,5.514744,5279.16,6.2153,78.25
global,0.00096637,0.06982422,0.002,0.0006,3.1,8B,F16,rate,2,6.00,8.00,True,3.1-8B-ZFPrate6.00:8.00_2_WII,8030261312,6.004421,5747.92,5.9173,79.35
global,0.00134061,0.13256836,0.0028,0.0008,3.1,8B,F16,prec,1,06,06,False,3.1-8B-ZFPprec06:06_1_NOI,8030261312,6.019506,5762.36,2052043.4394,23.55
global,0.00422555,0.42512512,0.0086,0.0024,3.1,8B,F16,IQ2_S,,,,True,3.1-8B-IQ2_S+WII,8030261312,2.740287,2623.23,9.9138,68.05
global,0.00046616,0.04122734,0.001,0.0004,3.1,8B,F16,prec,2,09,09,False,3.1-8B-ZFPprec09:09_2_NOI,8030261312,6.811349,6520.38,5.7065,79.3
global,0.02203977,1.4140625,0.03,0.011,3.1,8B,F16,rate,1,3.00,3.00,False,3.1-8B-ZFPrate3.00:3.00_1_NOI,8030261312,2.000995,1915.52,,25.6
global,0.00270945,0.19311523,0.0056,0.0016,3.1,8B,F16,rate,2,4.50,8.00,True,3.1-8B-ZFPrate4.50:8.00_2_WII,8030261312,4.510886,4318.19,7.7814,75.35
global,0.00372864,0.32275391,0.0076,0.0022,3.1,8B,F16,prec,2,06,06,False,3.1-8B-ZFPprec06:06_2_NOI,8030261312,3.810344,3647.57,3044845.2495,24.425
global,0.00876048,0.875,0.018,0.0044,3.1,8B,F16,rate,1,4.50,4.50,False,3.1-8B-ZFPrate4.50:4.50_1_NOI,8030261312,4.000929,3830.02,7780210.1074,23.825
global,0.00074354,0.07421875,0.0016,0.0004,3.1,8B,F16,rate,1,8.00,8.00,True,3.1-8B-ZFPrate8.00:8.00_1_WII,8030261312,8.000796,7659.02,5.9103,79.3
global,0.00509007,0.25732422,0.0102,0.003,3.1,8B,F16,rate,3,3.50,3.50,False,3.1-8B-ZFPrate3.50:3.50_3_NOI,8030261312,3.500945,3351.39,2643.1691,26.475
global,0.00138748,0.02270508,0.0028,0.001,3.1,8B,F16,accu,4,0.12,0.12,False,3.1-8B-ZFPaccu0.12:0.12_4_NOI,8030261312,5.351647,5123.03,6.5179,77.675
global,0.0004653,0.01977539,0.001,0.0004,3.1,8B,F16,Q5_K_M,,,,False,3.1-8B-Q5_K_M+NOI,8030261312,5.703577,5459.93,5.6846,79.575
global,0.00149995,0.16433716,0.003,0.001,3.1,8B,F16,prec,4,10,10,False,3.1-8B-ZFPprec10:10_4_NOI,8030261312,5.39896,5168.33,6.7212,77.4
global,0.0048398,0.35717773,0.0096,0.0028,3.1,8B,F16,rate,3,3.50,8.00,True,3.1-8B-ZFPrate3.50:8.00_3_WII,8030261312,3.554787,3402.93,33.0091,52.575
global,0.00198156,0.20849609,0.004,0.0012,3.1,8B,F16,rate,4,5.00,8.00,True,3.1-8B-ZFPrate5.00:8.00_4_WII,8030261312,5.047894,4832.26,6.6336,77.05
global,0.01043825,0.38867188,0.0196,0.0068,3.1,8B,F16,TQ1_0,,,,False,3.1-8B-TQ1_0+NOI,8030261312,2.191419,2097.8,1191762.2275,25.95
global,0.00354136,0.17871094,0.0072,0.0022,3.1,8B,F16,rate,3,4.00,4.00,False,3.1-8B-ZFPrate4.00:4.00_3_NOI,8030261312,4.000929,3830.02,27.2112,55.2
global,0.01398252,0.921875,0.0276,0.0088,3.1,8B,F16,prec,4,05,05,False,3.1-8B-ZFPprec05:05_4_NOI,8030261312,0.394931,378.06,231932.7902,24.075
global,0.00852658,0.84375,0.0176,0.0044,3.1,8B,F16,rate,1,4.50,8.00,True,3.1-8B-ZFPrate4.50:8.00_1_WII,8030261312,4.005643,3834.53,134257702.1143,24.95
global,7.487e-05,0.00350952,0.0002,0.0002,3.1,8B,F16,Q8_0,,,,False,3.1-8B-Q8_0+NOI,8030261312,8.500779,8137.64,5.6328,79.65
global,0.00016753,0.015625,0.0004,0.0002,3.1,8B,F16,prec,1,09,09,False,3.1-8B-ZFPprec09:09_1_NOI,8030261312,9.327879,8929.41,5.6412,79.725
global,0.00797842,0.60302734,0.016,0.0044,3.1,8B,F16,rate,4,3.00,3.00,False,3.1-8B-ZFPrate3.00:3.00_4_NOI,8030261312,3.000962,2872.77,785939.2691,24.425
global,0.00074425,0.06951904,0.0016,0.0004,3.1,8B,F16,rate,1,8.00,8.00,False,3.1-8B-ZFPrate8.00:8.00_1_NOI,8030261312,8.000796,7659.02,5.8162,79.025
global,0.00022003,0.01904297,0.0006,0.0002,3.1,8B,F16,rate,3,8.00,8.00,True,3.1-8B-ZFPrate8.00:8.00_3_WII,8030261312,8.000796,7659.02,5.6615,79.7
global,0.00110941,0.10498047,0.0022,0.0008,3.1,8B,F16,Q4_0,,,,True,3.1-8B-Q4_0+WII,8030261312,4.650465,4451.8,5.9272,79.35
global,0.00136484,0.01152039,0.0028,0.001,3.1,8B,F16,accu,3,0.05,0.05,False,3.1-8B-ZFPaccu0.05:0.05_3_NOI,8030261312,5.122037,4903.23,6.7104,76.9
global,0.00046366,0.04370117,0.001,0.0004,3.1,8B,F16,Q5_K_M,,,,True,3.1-8B-Q5_K_M+WII,8030261312,5.703577,5459.93,5.676,79.45
global,0.00530323,0.04681396,0.0104,0.0038,3.1,8B,F16,accu,1,0.05,0.05,False,3.1-8B-ZFPaccu0.05:0.05_1_NOI,8030261312,3.780265,3618.78,1447009.421,25.075
global,0.00243647,0.17919922,0.005,0.0016,3.1,8B,F16,rate,3,4.50,8.00,True,3.1-8B-ZFPrate4.50:8.00_3_WII,8030261312,4.537883,4344.03,7.3308,75.775
global,0.00174401,0.09643555,0.0038,0.0008,3.1,8B,F16,Q3_K_L,,,,False,3.1-8B-Q3_K_L+NOI,8030261312,4.297863,4114.27,6.1412,78.25
global,0.00595749,0.61083984,0.0114,0.0034,3.1,8B,F16,prec,4,08,08,False,3.1-8B-ZFPprec08:08_4_NOI,8030261312,3.39911,3253.91,3573826.3329,23.9
global,0.00562369,0.39160156,0.0116,0.003,3.1,8B,F16,rate,1,5.00,8.00,True,3.1-8B-ZFPrate5.00:8.00_1_WII,8030261312,4.008557,3837.32,20164185.8353,24.3
global,0.00328448,0.1370697,0.0068,0.0018,3.1,8B,F16,Q2_K,,,,True,3.1-8B-Q2_K+WII,8030261312,3.159345,3024.38,7.7085,73.575
global,0.00186472,0.15820312,0.0038,0.001,3.1,8B,F16,prec,2,07,07,False,3.1-8B-ZFPprec07:07_2_NOI,8030261312,4.811302,4605.77,2997855.2876,25.15
global,0.00093233,0.08111572,0.002,0.0006,3.1,8B,F16,prec,2,08,08,False,3.1-8B-ZFPprec08:08_2_NOI,8030261312,5.811469,5563.21,6.005,78.8
global,0.00095766,0.05615234,0.0018,0.0008,3.1,8B,F16,Q4_1,,,,True,3.1-8B-Q4_1+WII,8030261312,5.103114,4885.12,5.8178,79.325
global,0.00272956,0.02322388,0.0054,0.0018,3.1,8B,F16,accu,3,0.10,0.10,False,3.1-8B-ZFPaccu0.10:0.10_3_NOI,8030261312,4.12207,3945.98,459.9186,37.95
global,0.00132215,0.01165771,0.0026,0.001,3.1,8B,F16,accu,1,0.01,0.01,False,3.1-8B-ZFPaccu0.01:0.01_1_NOI,8030261312,5.816533,5568.06,6.4749,77.7
global,0.00100649,0.04302979,0.002,0.0008,3.1,8B,F16,IQ4_XS,,,,False,3.1-8B-IQ4_XS+NOI,8030261312,4.459657,4269.15,5.8858,78.85
global,0.00189783,0.1171875,0.004,0.0012,3.1,8B,F16,rate,2,5.00,8.00,True,3.1-8B-ZFPrate5.00:8.00_2_WII,8030261312,5.008364,4794.42,6.6632,76.95
global,0.00033513,0.02783203,0.0008,0.0002,3.1,8B,F16,prec,1,08,08,False,3.1-8B-ZFPprec08:08_1_NOI,8030261312,8.019455,7676.88,5.6698,79.4
global,0.00138748,0.02270508,0.0028,0.001,3.1,8B,F16,accu,4,0.10,0.10,False,3.1-8B-ZFPaccu0.10:0.10_4_NOI,8030261312,5.351647,5123.03,6.5179,77.675
global,0.02134823,1.51171875,0.03,0.0108,3.1,8B,F16,rate,1,3.00,8.00,True,3.1-8B-ZFPrate3.00:8.00_1_WII,8030261312,2.019261,1933.0,,25.6
global,0.00017346,0.00167847,0.0004,0.0002,3.1,8B,F16,accu,4,0.01,0.01,False,3.1-8B-ZFPaccu0.01:0.01_4_NOI,8030261312,8.351093,7994.35,5.6442,79.825
global,0.00200353,0.10046387,0.0038,0.0014,3.1,8B,F16,Q3_K_S,,,,False,3.1-8B-Q3_K_S+NOI,8030261312,3.642883,3487.27,6.938,77.025
global,0.00069376,0.01149368,0.0014,0.0006,3.1,8B,F16,accu,4,0.05,0.05,False,3.1-8B-ZFPaccu0.05:0.05_4_NOI,8030261312,6.351458,6080.13,5.8483,79.35
global,0.00060924,0.05609131,0.0014,0.0004,3.1,8B,F16,prec,3,10,10,False,3.1-8B-ZFPprec10:10_3_NOI,8030261312,6.514589,6236.3,5.7678,79.55
global,0.0057399,0.4934082,0.012,0.003,3.1,8B,F16,rate,1,5.00,5.00,False,3.1-8B-ZFPrate5.00:5.00_1_NOI,8030261312,4.000929,3830.02,3690332.8536,23.625
global,0.00303149,0.3001709,0.0064,0.0016,3.1,8B,F16,rate,1,6.00,8.00,True,3.1-8B-ZFPrate6.00:8.00_1_WII,8030261312,6.001294,5744.93,9.4546,72.1
global,0.00115054,0.05395508,0.0022,0.0008,3.1,8B,F16,Q4_0,,,,False,3.1-8B-Q4_0+NOI,8030261312,4.63584,4437.8,6.033,79.25
global,0.00437437,0.42512512,0.0088,0.0026,3.1,8B,F16,IQ2_XS,,,,True,3.1-8B-IQ2_XS+WII,8030261312,2.588155,2477.59,11.5419,66.525
global,0.00088325,0.04638672,0.0018,0.0006,3.1,8B,F16,rate,3,6.00,6.00,False,3.1-8B-ZFPrate6.00:6.00_3_NOI,8030261312,6.000862,5744.52,5.9028,79.225
global,0.00765292,0.64208984,0.0152,0.0042,3.1,8B,F16,rate,4,3.00,8.00,True,3.1-8B-ZFPrate3.00:8.00_4_WII,8030261312,3.085081,2953.29,378058749.4274,24.1
global,0.00382669,0.31494141,0.0078,0.0022,3.1,8B,F16,rate,2,4.00,8.00,True,3.1-8B-ZFPrate4.00:8.00_2_WII,8030261312,4.015647,3844.11,13.0325,67.725
global,0.01043825,0.38867188,0.0196,0.0068,3.1,8B,F16,TQ1_0,,,,True,3.1-8B-TQ1_0+WII,8030261312,2.191419,2097.8,1191762.2275,25.95
global,0.00337512,0.22558594,0.0068,0.002,3.1,8B,F16,rate,3,4.00,8.00,True,3.1-8B-ZFPrate4.00:8.00_3_WII,8030261312,4.046254,3873.4,9.4317,71.5
global,0.00676046,0.33920288,0.0134,0.004,3.1,8B,F16,IQ1_S,,,,True,3.1-8B-IQ1_S+WII,8030261312,2.00421,1918.59,172.8895,33.9
global,0.00658965,0.37597656,0.0132,0.0038,3.1,8B,F16,rate,3,3.00,8.00,True,3.1-8B-ZFPrate3.00:8.00_3_WII,8030261312,3.063221,2932.37,13460.1502,26.925
global,0.01444879,0.17944336,0.029,0.0088,3.1,8B,F16,accu,1,0.13,0.13,False,3.1-8B-ZFPaccu0.13:0.13_1_NOI,8030261312,1.965465,1881.5,2477614.4189,24.425
global,0.00282504,0.17285156,0.0058,0.0016,3.1,8B,F16,rate,2,4.50,4.50,False,3.1-8B-ZFPrate4.50:4.50_2_NOI,8030261312,4.500912,4308.64,11.3866,65.875
global,0.00175086,0.11474609,0.0036,0.001,3.1,8B,F16,Q3_K_M,,,,True,3.1-8B-Q3_K_M+WII,8030261312,3.995967,3825.27,6.1251,78.35
global,0.00055356,0.10131836,0.0012,0.0004,3.1,8B,F16,Q5_0,,,,True,3.1-8B-Q5_0+WII,8030261312,5.585012,5346.43,5.702,79.575
global,0.00098803,0.06689453,0.0022,0.0006,3.1,8B,F16,rate,2,6.00,6.00,False,3.1-8B-ZFPrate6.00:6.00_2_NOI,8030261312,6.000862,5744.52,5.9741,79.35
global,0.00268599,0.02340698,0.0054,0.0018,3.1,8B,F16,accu,2,0.05,0.05,False,3.1-8B-ZFPaccu0.05:0.05_2_NOI,8030261312,4.037938,3865.44,31.0474,52.475
global,0.00525461,0.34716797,0.0108,0.003,3.1,8B,F16,rate,2,3.50,8.00,True,3.1-8B-ZFPrate3.50:8.00_2_WII,8030261312,3.524597,3374.03,81.8286,44.5
global,0.00099849,0.04302979,0.002,0.0008,3.1,8B,F16,IQ4_NL,,,,False,3.1-8B-IQ4_NL+NOI,8030261312,4.681803,4481.8,5.8809,78.75
global,0.00022069,0.01141357,0.0006,0.0002,3.1,8B,F16,rate,3,8.00,8.00,False,3.1-8B-ZFPrate8.00:8.00_3_NOI,8030261312,8.000796,7659.02,5.6487,79.725
global,0.00286532,0.27134323,0.0058,0.0016,3.1,8B,F16,IQ3_XS,,,,False,3.1-8B-IQ3_XS+NOI,8030261312,3.497681,3348.27,65.5988,51.6
global,0.01619196,1.4921875,0.03,0.0082,3.1,8B,F16,rate,1,3.50,8.00,True,3.1-8B-ZFPrate3.50:8.00_1_WII,8030261312,2.120521,2029.94,1.5583668454204644e+16,24.425
global,0.0002331,0.01855469,0.0006,0.0002,3.1,8B,F16,prec,2,10,10,False,3.1-8B-ZFPprec10:10_2_NOI,8030261312,7.811184,7477.5,5.6485,79.45
global,0.00048363,0.05688477,0.001,0.0004,3.1,8B,F16,Q5_K_S,,,,True,3.1-8B-Q5_K_S+WII,8030261312,5.570387,5332.43,5.6786,79.575
global,0.01282874,1.34375,0.0262,0.0064,3.1,8B,F16,rate,1,4.00,8.00,True,3.1-8B-ZFPrate4.00:8.00_1_WII,8030261312,4.004175,3833.12,300313622192789.7,24.55
global,0.00545353,0.09317017,0.0106,0.0036,3.1,8B,F16,accu,3,0.14,0.14,False,3.1-8B-ZFPaccu0.14:0.14_3_NOI,8030261312,3.121372,2988.03,7775619.0582,25.775
global,0.00024638,0.04370117,0.0006,0.0002,3.1,8B,F16,Q6_K,,,,True,3.1-8B-Q6_K+WII,8030261312,6.563344,6282.97,5.6492,79.4
global,0.00024578,0.02001953,0.0006,0.0002,3.1,8B,F16,rate,2,8.00,8.00,True,3.1-8B-ZFPrate8.00:8.00_2_WII,8030261312,8.000796,7659.02,5.6592,79.5
global,0.00398639,0.30664062,0.0082,0.0022,3.1,8B,F16,rate,2,4.00,4.00,False,3.1-8B-ZFPrate4.00:4.00_2_NOI,8030261312,4.000929,3830.02,100.7923,36.45
global,0.01444879,0.17944336,0.029,0.0088,3.1,8B,F16,accu,1,0.14,0.14,False,3.1-8B-ZFPaccu0.14:0.14_1_NOI,8030261312,1.965465,1881.5,2477614.4189,24.425
global,0.01026283,0.09362793,0.0204,0.0068,3.1,8B,F16,accu,2,0.14,0.14,False,3.1-8B-ZFPaccu0.14:0.14_2_NOI,8030261312,2.011115,1925.2,19109963.9269,23.75
global,0.00406834,0.30334473,0.0082,0.0024,3.1,8B,F16,rate,4,4.00,4.00,False,3.1-8B-ZFPrate4.00:4.00_4_NOI,8030261312,4.000929,3830.02,41.5924,40.625
global,0.00724917,0.5078125,0.0148,0.0042,3.1,8B,F16,rate,2,3.00,8.00,True,3.1-8B-ZFPrate3.00:8.00_2_WII,8030261312,3.034165,2904.55,424980.9044,24.45
global,0.0017902,0.09643555,0.0038,0.001,3.1,8B,F16,Q3_K_M,,,,False,3.1-8B-Q3_K_M+NOI,8030261312,3.995967,3825.27,6.2366,78.225
global,0.01657827,1.4765625,0.03,0.0084,3.1,8B,F16,rate,1,3.50,3.50,False,3.1-8B-ZFPrate3.50:3.50_1_NOI,8030261312,2.000995,1915.52,4482668992.6281,26.05
global,0.00034123,0.00286102,0.0008,0.0004,3.1,8B,F16,accu,3,0.01,0.01,False,3.1-8B-ZFPaccu0.01:0.01_3_NOI,8030261312,7.121696,6817.47,5.6867,79.55
global,0.00104065,0.03759766,0.002,0.0008,3.1,8B,F16,Q4_1,,,,False,3.1-8B-Q4_1+NOI,8030261312,5.103114,4885.12,6.0287,78.475
global,0.00940452,0.78222656,0.019,0.005,3.1,8B,F16,prec,3,06,06,False,3.1-8B-ZFPprec06:06_3_NOI,8030261312,2.511686,2404.39,57836742.4553,23.875
global,0.00243656,0.22338867,0.005,0.0014,3.1,8B,F16,prec,3,08,08,False,3.1-8B-ZFPprec08:08_3_NOI,8030261312,4.514816,4321.95,2314112.0936,23.125
global,0.00025546,0.0226593,0.0006,0.0002,3.1,8B,F16,rate,4,8.00,8.00,True,3.1-8B-ZFPrate8.00:8.00_4_WII,8030261312,8.000796,7659.02,5.6588,80.0
global,0.01043825,0.38867188,0.0196,0.0068,3.1,8B,F16,TQ2_0,,,,True,3.1-8B-TQ2_0+WII,8030261312,2.517341,2409.8,1191762.2275,25.95
global,0.00561717,0.3347168,0.0114,0.0032,3.1,8B,F16,rate,4,3.50,8.00,True,3.1-8B-ZFPrate3.50:8.00_4_WII,8030261312,3.575652,3422.91,1137.6514,35.1
global,0.01026283,0.09362793,0.0204,0.0068,3.1,8B,F16,accu,2,0.13,0.13,False,3.1-8B-ZFPaccu0.13:0.13_2_NOI,8030261312,2.011115,1925.2,19109963.9269,23.75
global,0.00268269,0.23828125,0.0054,0.0014,3.1,8B,F16,prec,1,05,05,False,3.1-8B-ZFPprec05:05_1_NOI,8030261312,5.325296,5097.81,10269932.2264,25.675
global,0.00545353,0.09317017,0.0106,0.0036,3.1,8B,F16,accu,3,0.13,0.13,False,3.1-8B-ZFPaccu0.13:0.13_3_NOI,8030261312,3.121372,2988.03,7775619.0582,25.775
global,0.0022316,0.25769043,0.0044,0.0014,3.1,8B,F16,IQ3_S,,,,True,3.1-8B-IQ3_S+WII,8030261312,3.660642,3504.27,6.7631,78.375
global,0.00176261,0.09643555,0.0036,0.0012,3.1,8B,F16,rate,3,5.00,5.00,False,3.1-8B-ZFPrate5.00:5.00_3_NOI,8030261312,5.000895,4787.27,6.7487,76.875
global,0.00311988,0.41838074,0.006,0.0016,3.1,8B,F16,IQ3_XXS,,,,True,3.1-8B-IQ3_XXS+WII,8030261312,3.254765,3115.73,7.4341,76.575
global,0.00277485,0.04612732,0.0054,0.0018,3.1,8B,F16,accu,4,0.14,0.14,False,3.1-8B-ZFPaccu0.14:0.14_4_NOI,8030261312,4.351825,4165.92,42.1377,37.775
global,8.374e-05,0.0078125,0.0002,0.0002,3.1,8B,F16,prec,1,10,10,False,3.1-8B-ZFPprec10:10_1_NOI,8030261312,10.019143,9591.14,5.6332,79.675
global,0.00100673,0.17626953,0.002,0.0008,3.1,8B,F16,IQ4_NL,,,,True,3.1-8B-IQ4_NL+WII,8030261312,4.652554,4453.8,5.8266,79.375
global,0.00050712,0.01806641,0.001,0.0004,3.1,8B,F16,Q5_1,,,,False,3.1-8B-Q5_1+NOI,8030261312,6.037661,5779.74,5.7291,79.6
global,0.00067154,0.00566101,0.0014,0.0006,3.1,8B,F16,accu,2,0.01,0.01,False,3.1-8B-ZFPaccu0.01:0.01_2_NOI,8030261312,6.038556,5780.6,5.8453,79.55
global,0.00284688,0.19091797,0.0058,0.0018,3.1,8B,F16,rate,4,4.50,8.00,True,3.1-8B-ZFPrate4.50:8.00_4_WII,8030261312,4.557367,4362.68,7.9147,74.475
global,0.00057538,0.02880859,0.0012,0.0006,3.1,8B,F16,Q5_0,,,,False,3.1-8B-Q5_0+NOI,8030261312,5.570387,5332.43,5.7475,79.25
global,0.0025684,0.23048401,0.0052,0.0016,3.1,8B,F16,IQ3_S,,,,False,3.1-8B-IQ3_S+NOI,8030261312,3.660642,3504.27,77.2013,48.925
global,0.00085981,0.07177734,0.0018,0.0006,3.1,8B,F16,rate,3,6.00,8.00,True,3.1-8B-ZFPrate6.00:8.00_3_WII,8030261312,6.017504,5760.45,5.8506,79.425
global,0.00536774,0.04681396,0.0108,0.0036,3.1,8B,F16,accu,2,0.10,0.10,False,3.1-8B-ZFPaccu0.10:0.10_2_NOI,8030261312,3.033277,2903.7,2069010.0461,23.3
global,0.01031878,0.09362793,0.0198,0.007,3.1,8B,F16,accu,1,0.10,0.10,False,3.1-8B-ZFPaccu0.10:0.10_1_NOI,8030261312,2.771653,2653.25,1945245.0448,24.675
global,0.00048502,0.01977539,0.001,0.0004,3.1,8B,F16,Q5_K_S,,,,False,3.1-8B-Q5_K_S+NOI,8030261312,5.570387,5332.43,5.7228,79.45
global,0.01316266,1.4765625,0.0266,0.0066,3.1,8B,F16,rate,1,4.00,4.00,False,3.1-8B-ZFPrate4.00:4.00_1_NOI,8030261312,4.000929,3830.02,83027811.1104,25.45
global,0.00090119,0.03726196,0.0018,0.0006,3.1,8B,F16,Q4_K_M,,,,False,3.1-8B-Q4_K_M+NOI,8030261312,4.894384,4685.3,5.8159,79.25
global,0.00024702,0.01257324,0.0006,0.0002,3.1,8B,F16,Q6_K,,,,False,3.1-8B-Q6_K+NOI,8030261312,6.563344,6282.97,5.6525,79.575
global,0.00392727,0.296875,0.008,0.0022,3.1,8B,F16,rate,4,4.00,8.00,True,3.1-8B-ZFPrate4.00:8.00_4_WII,8030261312,4.066522,3892.81,12.417,67.75
global,0.00101516,0.16833496,0.002,0.0008,3.1,8B,F16,IQ4_XS,,,,True,3.1-8B-IQ4_XS+WII,8030261312,4.423096,4234.15,5.8303,79.525
global,0.00745558,0.63671875,0.0152,0.0042,3.1,8B,F16,prec,2,05,05,False,3.1-8B-ZFPprec05:05_2_NOI,8030261312,2.803399,2683.64,26253807.0603,26.325
global,0.0,0.0,0.0002,0.0002,3.1,8B,F16,BF16,,,,True,3.1-8B-BF16+WII,8030261312,16.000531,15317.02,5.6309,79.7
global,0.01103457,0.95703125,0.021,0.0062,3.1,8B,F16,prec,4,07,07,False,3.1-8B-ZFPprec07:07_4_NOI,8030261312,2.398395,2295.94,13268613.8875,25.4
global,0.0009545,0.06762695,0.0018,0.0008,3.1,8B,F16,Q4_K_S,,,,True,3.1-8B-Q4_K_S+WII,8030261312,4.667179,4467.8,5.8141,79.15
global,0.00067027,0.0625,0.0014,0.0004,3.1,8B,F16,prec,1,07,07,False,3.1-8B-ZFPprec07:07_1_NOI,8030261312,7.328242,7015.19,5.8486,79.075
global,0.00253947,0.15966797,0.0052,0.0016,3.1,8B,F16,rate,3,4.50,4.50,False,3.1-8B-ZFPrate4.50:4.50_3_NOI,8030261312,4.500912,4308.64,8.372,72.225
global,0.00250338,0.26626587,0.005,0.0014,3.1,8B,F16,IQ3_XS,,,,True,3.1-8B-IQ3_XS+WII,8030261312,3.497681,3348.27,6.8588,77.475
global,0.00357856,0.22070312,0.007,0.0022,3.1,8B,F16,Q2_K_S,,,,True,3.1-8B-Q2_K_S+WII,8030261312,2.969745,2842.88,8.1635,71.225
global,0.00100026,0.10577393,0.002,0.0006,3.1,8B,F16,rate,4,6.00,8.00,True,3.1-8B-ZFPrate6.00:8.00_4_WII,8030261312,6.029837,5772.25,5.9062,79.55
global,0.00760239,0.54229736,0.0154,0.0044,3.1,8B,F16,rate,2,3.00,3.00,False,3.1-8B-ZFPrate3.00:3.00_2_NOI,8030261312,3.000962,2872.77,2317288.9047,25.75
global,0.00216614,0.25769043,0.0044,0.0014,3.1,8B,F16,IQ3_M,,,,True,3.1-8B-IQ3_M+WII,8030261312,3.762754,3602.02,6.8116,77.675
global,0.00203324,0.19311523,0.0042,0.0012,3.1,8B,F16,rate,4,5.00,5.00,False,3.1-8B-ZFPrate5.00:5.00_4_NOI,8030261312,5.000895,4787.27,7.0615,76.175
global,0.01031878,0.09362793,0.0198,0.007,3.1,8B,F16,accu,1,0.12,0.12,False,3.1-8B-ZFPaccu0.12:0.12_1_NOI,8030261312,2.771653,2653.25,1945245.0448,24.675
global,0.0002542,0.02087402,0.0006,0.0002,3.1,8B,F16,rate,4,8.00,8.00,False,3.1-8B-ZFPrate8.00:8.00_4_NOI,8030261312,8.000796,7659.02,5.6512,79.9
global,0.00550456,0.37823486,0.0112,0.0032,3.1,8B,F16,rate,2,3.50,3.50,False,3.1-8B-ZFPrate3.50:3.50_2_NOI,8030261312,3.500945,3351.39,36012.4908,24.5
global,0.00195606,0.11547852,0.0038,0.0014,3.1,8B,F16,Q3_K_S,,,,True,3.1-8B-Q3_K_S+WII,8030261312,3.642883,3487.27,6.8266,77.5
global,0.00695093,0.41845703,0.0138,0.0042,3.1,8B,F16,rate,3,3.00,3.00,False,3.1-8B-ZFPrate3.00:3.00_3_NOI,8030261312,3.000962,2872.77,1336082.6581,25.65
global,0.01396427,0.94726562,0.028,0.0082,3.1,8B,F16,prec,3,05,05,False,3.1-8B-ZFPprec05:05_3_NOI,8030261312,1.49801,1434.02,69582820.3712,26.55
global,0.00195902,0.13964844,0.004,0.0012,3.1,8B,F16,rate,2,5.00,5.00,False,3.1-8B-ZFPrate5.00:5.00_2_NOI,8030261312,5.000895,4787.27,7.1536,76.1
global,0.0,0.0,0.0002,0.0002,3.1,8B,F16,BF16,,,,False,3.1-8B-BF16+NOI,8030261312,16.000531,15317.02,5.6309,79.7
global,0.00591676,0.33630371,0.0118,0.0034,3.1,8B,F16,IQ1_M,,,,True,3.1-8B-IQ1_M+WII,8030261312,2.146018,2054.34,24.6367,50.025
global,0.00307346,0.30888367,0.0064,0.0016,3.1,8B,F16,rate,1,6.00,6.00,False,3.1-8B-ZFPrate6.00:6.00_1_NOI,8030261312,6.000862,5744.52,2935119.2245,40.5
global,0.00091228,0.05404663,0.0018,0.0006,3.1,8B,F16,Q4_K_M,,,,True,3.1-8B-Q4_K_M+WII,8030261312,4.894384,4685.3,5.7911,79.3
global,0.00046688,0.0267334,0.001,0.0004,3.1,8B,F16,Q5_1,,,,True,3.1-8B-Q5_1+WII,8030261312,6.037661,5779.74,5.6742,79.65
global,0.00487014,0.42041016,0.0098,0.0026,3.1,8B,F16,prec,3,07,07,False,3.1-8B-ZFPprec07:07_3_NOI,8030261312,3.514445,3364.31,3330650.0549,26.475
global,0.01043825,0.38867188,0.0196,0.0068,3.1,8B,F16,TQ2_0,,,,False,3.1-8B-TQ2_0+NOI,8030261312,2.517341,2409.8,1191762.2275,25.95
global,0.00295442,0.18212891,0.006,0.0018,3.1,8B,F16,rate,4,4.50,4.50,False,3.1-8B-ZFPrate4.50:4.50_4_NOI,8030261312,4.500912,4308.64,10.4465,66.975
global,0.00101684,0.08215332,0.0022,0.0006,3.1,8B,F16,rate,4,6.00,6.00,False,3.1-8B-ZFPrate6.00:6.00_4_NOI,8030261312,6.000862,5744.52,5.9762,78.975
global,0.00170104,0.11474609,0.0036,0.0008,3.1,8B,F16,Q3_K_L,,,,True,3.1-8B-Q3_K_L+WII,8030261312,4.297863,4114.27,6.0581,78.175
global,0.00352812,0.14624023,0.0074,0.002,3.1,8B,F16,Q2_K,,,,False,3.1-8B-Q2_K+NOI,8030261312,3.159345,3024.38,8.4568,72.325
global,0.00588377,0.36669922,0.012,0.0034,3.1,8B,F16,rate,4,3.50,3.50,False,3.1-8B-ZFPrate3.50:3.50_4_NOI,8030261312,3.500945,3351.39,49201.2176,25.25
global,0.00248672,0.23048401,0.0052,0.0014,3.1,8B,F16,IQ3_M,,,,False,3.1-8B-IQ3_M+NOI,8030261312,3.762754,3602.02,8.5744,72.075
global,0.00487463,0.70025635,0.0098,0.0028,3.1,8B,F16,IQ2_XXS,,,,True,3.1-8B-IQ2_XXS+WII,8030261312,2.382364,2280.59,16.2166,60.2
global,0.00272956,0.02322388,0.0054,0.0018,3.1,8B,F16,accu,3,0.12,0.12,False,3.1-8B-ZFPaccu0.12:0.12_3_NOI,8030261312,4.12207,3945.98,459.9186,37.95
global,0.00169776,0.11474609,0.0034,0.001,3.1,8B,F16,rate,3,5.00,8.00,True,3.1-8B-ZFPrate5.00:8.00_3_WII,8030261312,5.031368,4816.44,6.4002,77.625
global,0.00536774,0.04681396,0.0108,0.0036,3.1,8B,F16,accu,2,0.12,0.12,False,3.1-8B-ZFPaccu0.12:0.12_2_NOI,8030261312,3.033277,2903.7,2069010.0461,23.3
global,0.00299868,0.33526611,0.0058,0.0018,3.1,8B,F16,prec,4,09,09,False,3.1-8B-ZFPprec09:09_4_NOI,8030261312,4.399105,4211.18,18813.0171,24.875
global,7.487e-05,0.00350952,0.0002,0.0002,3.1,8B,F16,Q8_0,,,,True,3.1-8B-Q8_0+WII,8030261312,8.500779,8137.64,5.6328,79.65
global,0.00418429,0.41838074,0.0086,0.0022,3.1,8B,F16,IQ2_M,,,,True,3.1-8B-IQ2_M+WII,8030261312,2.929364,2804.23,10.8186,68.675
global,0.01466549,0.99853516,0.0286,0.009,3.1,8B,F16,prec,4,06,06,False,3.1-8B-ZFPprec06:06_4_NOI,8030261312,1.394547,1334.97,20495336.5049,24.375
